Date,Open,High,Low,Close,Volume
8/13/12,89.06,90,89.04,90,69707463
8/14/12,90.27,91.23,90.03,90.24,85041824
8/15/12,90.19,90.57,89.68,90.12,64377278
8/16/12,90.17,90.97,90.07,90.91,63694204
8/17/12,91.43,92.6,91.26,92.59,110689894
8/20/12,92.86,95.02,92.84,95.02,153345689
8/21/12,95.83,96.41,92.9,93.72,203176260
8/22/12,93.49,95.57,92.59,95.55,141330637
8/23/12,95.16,95.7,94.45,94.66,105029568
8/24/12,94.22,95.64,93.65,94.75,109334113
8/27/12,97.14,97.27,96.22,96.53,106728601
8/28/12,96.43,96.59,95.81,96.4,66844323
8/29/12,96.46,96.81,96.09,96.21,50701084
8/30/12,95.81,95.94,94.69,94.84,75672793
8/31/12,95.32,95.51,93.89,95.03,84579607
9/4/12,95.11,96.45,94.93,96.42,91972629
9/5/12,96.51,96.62,95.66,95.75,84090475
9/6/12,96.17,96.9,95.83,96.61,97845664
9/7/12,96.86,97.5,96.54,97.21,82416145
9/10/12,97.21,97.61,94.59,94.68,121998898
9/11/12,95.02,95.73,93.79,94.37,125984852
9/12/12,95.26,95.7,93.71,95.68,178054492
9/13/12,96.77,97.93,96.4,97.57,149589629
9/14/12,98.56,99.57,98.27,98.75,150118311
9/17/12,99.91,99.97,99.23,99.97,99507499
9/18/12,99.98,100.33,99.49,100.27,93375667
9/19/12,100.04,100.57,99.94,100.3,81715004
9/20/12,99.88,100.01,99.09,99.81,84141932
9/21/12,100.34,100.72,99.91,100.01,142897076
9/24/12,98.12,99.3,97.57,98.68,159936196
9/25/12,98.32,98.97,96.14,96.22,129690449
9/26/12,95.53,96.1,94.46,95.03,144175906
9/27/12,94.9,97.45,94.34,97.33,148522031
9/28/12,96.96,97.3,95.25,95.3,133777077
10/1/12,95.88,96.68,93.79,94.2,135895921
10/2/12,94.54,95.19,92.95,94.47,156997638
10/3/12,94.98,95.98,94.66,95.92,106069719
10/4/12,95.89,96.32,95.08,95.26,92688813
10/5/12,95.03,95.14,93.04,93.23,148501108
10/8/12,92.41,92.51,90.87,91.17,159494867
10/9/12,91.24,91.5,89.08,90.84,209648887
10/10/12,91.39,92.14,91,91.56,127588930
10/11/12,92.4,92.5,89.7,89.7,136520097
10/12/12,89.94,90.77,89.33,89.96,115003665
10/15/12,90.34,90.73,89.12,90.68,108124961
10/16/12,90.77,92.9,90.14,92.83,137442816
10/17/12,92.7,93.26,92,92.09,97327643
10/18/12,91.37,91.72,90,90.38,119155512
10/19/12,90.15,90.25,87.09,87.12,186021017
10/22/12,87.49,90.77,87.25,90.58,136682392
10/23/12,90.14,90.56,87.39,87.62,176786197
10/24/12,88.78,89.51,87.23,88.12,139631772
10/25/12,88.57,88.86,86.51,87.08,164081393
10/26/12,87.06,87.71,84.43,86.29,254605834
10/31/12,84.98,85.99,83.96,85.05,127500471
11/1/12,85.46,86.14,84.88,85.22,90361922
11/2/12,85.13,85.28,82.11,82.4,149843064
11/5/12,83.36,83.97,82.51,83.52,132321224
11/6/12,84.32,84.39,82.87,83.26,93729041
11/7/12,81.98,82.08,79.39,79.71,198412186
11/8/12,80.09,80.32,76.47,76.82,264036339
11/9/12,77.2,79.27,76.25,78.15,232476496
11/12/12,79.16,79.21,76.95,77.55,128950479
11/13/12,76.99,78.64,76.62,77.56,133302610
11/14/12,77.93,78.21,76.6,76.7,119291977
11/15/12,76.79,77.07,74.66,75.09,197477385
11/16/12,75.03,75.71,72.25,75.38,316722763
11/19/12,77.24,81.07,77.13,80.82,205792965
11/20/12,81.7,81.71,79.23,80.13,160687856
11/21/12,80.61,81.05,79.51,80.24,93306759
11/23/12,81.02,81.71,80.37,81.64,68206579
11/26/12,82.27,84.29,81.96,84.22,157644431
11/27/12,84.22,84.35,82.87,83.54,133328454
11/28/12,82.47,83.69,81.75,83.28,130264981
11/29/12,84.32,84.89,83.61,84.19,128674525
11/30/12,83.83,84.06,83.24,83.61,97824986
12/3/12,84.81,84.94,83.64,83.74,91069097
12/4/12,83.11,83.11,81.73,82.26,139482392
12/5/12,81.27,81.32,76.97,76.97,261159353
12/6/12,75.56,79.04,74.09,78.18,294301791
12/7/12,79.06,79.31,75.71,76.18,196941794
12/10/12,75,76.93,74.51,75.69,157620575
12/11/12,77.11,78.51,76.77,77.34,148085903
12/12/12,78.25,78.29,76.61,77,121783130
12/13/12,75.88,76.81,75.11,75.67,156314627
12/14/12,73.54,74.02,72.23,72.83,252394499
12/17/12,72.7,74.29,71.6,74.12,189736022
12/18/12,75,76.41,74.32,76.27,156417023
12/19/12,75.92,76.24,75.07,75.19,112340424
12/20/12,75.71,75.74,74.13,74.53,120421798
12/21/12,73.21,74.24,72.89,74.19,149129554
12/24/12,74.34,74.89,74.1,74.31,43936977
12/26/12,74.14,74.21,73.02,73.29,75609030
12/27/12,73.36,73.75,72.09,73.58,113779680
12/28/12,72.9,73.5,72.59,72.8,88569243
12/31/12,72.93,76.49,72.71,76.02,164872785
1/2/13,79.12,79.29,77.38,78.43,140124866
1/3/13,78.27,78.52,77.29,77.44,88240950
1/4/13,76.71,76.95,75.12,75.29,148581860
1/7/13,74.6,75.6,73.6,74.8,121038176
1/8/13,75.6,75.98,74.46,75.04,114676751
1/9/13,74.64,75,73.71,73.87,101899959
1/10/13,75.51,75.53,73.65,74.79,150285296
1/11/13,74.43,75.05,74.15,74.33,87688741
1/14/13,71.81,72.5,71.22,71.68,183544396
1/15/13,71.19,71.28,69.05,69.42,219192932
1/16/13,70.66,72.78,70.36,72.3,172700045
1/17/13,72.9,72.96,71.72,71.81,113412579
1/18/13,71.22,71.75,70.91,71.43,118287267
1/22/13,72.08,72.55,70.95,72.11,115386173
1/23/13,72.69,73.57,72.11,73.43,215375853
1/24/13,65.71,66.53,64.32,64.36,365212953
1/25/13,64.53,65.18,62.14,62.84,301993503
1/28/13,62.55,64.74,62.27,64.26,196378931
1/29/13,65.5,65.74,64.59,65.47,142768017
1/30/13,65.29,66.09,64.93,65.26,104288317
1/31/13,65.28,65.61,65,65.07,79833215
2/1/13,65.59,65.64,64.05,64.8,134867089
2/4/13,64.84,65.13,63.14,63.19,119278754
2/5/13,63.44,65.68,63.17,65.41,143336536
2/6/13,65.21,66.64,64.65,65.34,148426012
2/7/13,66.18,67.14,64.87,66.89,176145074
2/8/13,67.71,68.4,66.89,67.85,158288984
2/11/13,68.07,69.28,67.61,68.56,129358516
2/12/13,68.5,68.91,66.82,66.84,152262712
2/13/13,66.74,67.66,66.17,66.72,118801221
2/14/13,66.36,67.38,66.29,66.66,88876501
2/15/13,66.98,67.17,65.7,65.74,97981177
2/19/13,65.87,66.1,64.84,65.71,108944213
2/20/13,65.38,65.38,64.11,64.12,119074886
2/21/13,63.71,64.17,63.26,63.72,111795180
2/22/13,64.18,64.51,63.8,64.4,82663644
2/25/13,64.84,65.02,63.22,63.26,93144464
2/26/13,63.4,64.51,62.52,64.14,125374074
2/27/13,64.06,64.63,62.95,63.51,146836928
2/28/13,63.44,63.98,63.06,63.06,80628737
3/1/13,62.57,62.6,61.43,61.5,138111792
3/4/13,61.11,61.17,59.86,60.01,145684399
3/5/13,60.21,62.17,60.11,61.59,159607042
3/6/13,62.07,62.18,60.63,60.81,115062269
3/7/13,60.64,61.72,60.15,61.51,117117826
3/8/13,61.4,62.2,61.23,61.67,97898983
3/11/13,61.39,62.72,60.73,62.55,118558356
3/12/13,62.23,62.7,61.08,61.2,116477473
3/13/13,61.21,62.07,60.77,61.19,101454192
3/14/13,61.83,62.09,61.49,61.79,75968746
3/15/13,62.56,63.46,62.46,63.38,160989787
3/18/13,63.06,65.35,63.03,65.1,151549090
3/19/13,65.64,65.85,64.07,64.93,131693310
3/20/13,65.35,65.38,64.23,64.58,77165158
3/21/13,64.32,65.43,64.3,64.68,95813410
3/22/13,64.94,66.01,64.73,65.99,98776111
3/25/13,66.38,67.14,65.97,66.23,125283438
3/26/13,66.49,66.55,65.79,65.88,73573423
3/27/13,65.21,65.26,64.39,64.58,82852294
3/28/13,64.26,64.55,63.09,63.24,110745586
4/1/13,63.13,63.38,61.11,61.27,97432489
4/2/13,61.09,62.59,60.91,61.4,132443234
4/3/13,61.62,62.47,61.47,61.71,90803727
4/4/13,61.97,62.14,60.75,61.1,89664638
4/5/13,60.64,60.71,59.95,60.46,95923478
4/8/13,60.69,61.07,60.36,60.89,75264742
4/9/13,60.91,61.21,60.39,61,76688115
4/10/13,61.16,62.44,60.86,62.24,93981748
4/11/13,61.96,62.57,61.6,62.05,82154093
4/12/13,62.02,62.02,61.3,61.4,59681279
4/15/13,61,61.13,59.94,59.98,79379706
4/16/13,60.22,60.94,60.08,60.89,76442758
4/17/13,60.04,60.09,56.87,57.54,236263461
4/18/13,57.86,57.97,55.68,56.01,166574163
4/19/13,55.42,57.09,55.01,55.79,152318201
4/22/13,56.09,57.46,55.9,56.95,107479442
4/23/13,57.71,58.34,56.97,58.02,166058949
4/24/13,56.22,59.32,56.07,57.92,242458391
4/25/13,58.75,59.13,58.14,58.34,96209155
4/26/13,58.54,59.82,58.32,59.6,191068990
4/29/13,60.06,61.94,60,61.45,160081110
4/30/13,62.16,63.61,61.72,63.25,172884362
5/1/13,63.49,63.56,62.06,62.76,126788697
5/2/13,63.11,64.08,62.95,63.65,105506184
5/3/13,64.47,64.75,64.16,64.28,90381788
5/6/13,65.1,66.03,64.9,65.82,124160162
5/7/13,66.42,66.54,64.81,65.52,120938076
5/8/13,65.58,66.48,65.12,66.26,118149038
5/9/13,65.69,66.14,65.08,65.25,99687476
5/10/13,65.42,65.67,64.35,64.71,83712482
5/13/13,64.5,65.41,64.5,64.96,79277310
5/14/13,64.84,65.03,63.16,63.41,111778940
5/15/13,62.74,63,60.34,61.26,185403085
5/16/13,60.46,62.55,59.84,62.08,150866478
5/17/13,62.72,62.87,61.57,61.89,107019829
5/20/13,61.7,63.69,61.44,63.28,112893984
5/21/13,62.59,63.64,62.03,62.81,114074240
5/22/13,63.44,64.05,62.6,63.05,110814858
5/23/13,62.28,63.74,62.26,63.16,88345236
5/24/13,62.98,63.67,62.91,63.59,69106639
5/28/13,64.27,64.44,62.98,63.06,96536188
5/29/13,62.86,63.93,62.77,63.56,82695669
5/30/13,63.66,64.93,63.5,64.51,88428648
5/31/13,64.64,65.3,64.21,64.25,96075042
6/3/13,63.97,64.62,63.21,64.39,93087841
6/4/13,64.75,64.92,63.91,64.19,73181521
6/5/13,63.66,64.39,63.39,63.59,72647337
6/6/13,63.64,63.86,62.01,62.64,104268458
6/7/13,62.36,63.32,61.82,63.12,101185686
6/10/13,63.53,64.15,62.4,62.7,112589043
6/11/13,62.25,63.25,61.9,62.51,71426348
6/12/13,62.79,63.04,61.64,61.74,66356668
6/13/13,61.79,62.45,61.25,62.28,71528086
6/14/13,62.2,62.33,61.21,61.44,65672880
6/17/13,61.63,62.24,61.48,61.71,64860453
6/18/13,61.65,62.13,61.46,61.68,48790448
6/19/13,61.63,61.67,60.43,60.43,77757785
6/20/13,59.9,60.85,59.31,59.55,89374558
6/21/13,59.78,60,58.3,59.07,120297338
6/24/13,58.2,58.38,56.86,57.51,120186430
6/25/13,57.96,58.26,56.98,57.52,78584786
6/26/13,57.7,57.83,56.52,56.87,91986573
6/27/13,57.04,57.34,56.22,56.25,84350049
6/28/13,55.91,57.18,55.55,56.65,144659417
7/1/13,57.53,58.9,57.32,58.46,97793045
7/2/13,58.57,60.23,58.5,59.78,117521579
7/3/13,60.12,60.43,59.64,60.11,60232158
7/5/13,60.06,60.47,59.34,59.63,68520760
7/8/13,60.02,60.14,58.66,59.29,74578420
7/9/13,59.09,60.5,58.63,60.34,88172238
7/10/13,59.94,60.69,59.75,60.1,70350819
7/11/13,60.42,61.18,60.17,61.04,81618964
7/12/13,61.09,61.4,60.49,60.93,69910463
7/15/13,60.72,61.64,60.69,61.06,60543105
7/16/13,60.93,61.53,60.6,61.46,54134367
7/17/13,61.39,61.75,61.17,61.47,49764064
7/18/13,61.91,62.12,61.52,61.68,54760818
7/19/13,61.87,62,60.62,60.71,67194715
7/22/13,61.35,61.39,60.78,60.9,51997596
7/23/13,60.86,60.99,59.82,59.86,92348403
7/24/13,62.7,63.51,62.18,62.93,148013824
7/25/13,62.96,63.06,62.26,62.64,57420636
7/26/13,62.19,63.01,62.05,63,50068753
7/29/13,62.97,64.28,62.89,63.97,62110300
7/30/13,64.28,65.31,64.18,64.76,77355565
7/31/13,65,65.33,64.2,64.65,80739351
8/1/13,65.11,65.26,64.75,65.24,51562322
8/2/13,65.43,66.12,65.24,66.08,68695326
8/5/13,66.38,67.24,66.02,67.06,79713592
8/6/13,66.86,67.41,66.02,66.46,83728540
8/7/13,66.26,66.71,65.97,66.43,74713968
8/8/13,66.26,66.3,65.42,65.86,63999838
8/9/13,65.52,65.78,64.81,64.92,66905209
8/12/13,65.27,66.95,65.23,66.77,91108290
8/13/13,67.28,70.67,66.86,69.94,220484936
8/14/13,71.13,72.04,70.49,71.21,189092911
8/15/13,70.92,71.77,69.87,71.13,122573507
8/16/13,71.45,71.85,71.27,71.76,90575856
8/19/13,72.05,73.39,72,72.53,127629481
8/20/13,72.82,72.94,71.55,71.58,89671743
8/21/13,71.94,72.45,71.6,71.77,83969305
8/22/13,72.14,72.23,71.17,71.85,61051676
8/23/13,71.9,71.91,71.34,71.57,55682221
8/26/13,71.54,72.89,71.5,71.85,82741050
8/27/13,71.14,71.79,69.47,69.8,106047109
8/28/13,69.43,70.83,69.43,70.13,76901678
8/29/13,70.24,70.93,70.16,70.24,59913714
8/30/13,70.29,70.42,69.5,69.6,68100788
9/3/13,70.44,71.51,69.62,69.8,83025166
9/4/13,71.37,71.75,70.9,71.24,86257878
9/5/13,71.46,71.53,70.52,70.75,59091879
9/6/13,71.21,71.34,69.99,71.17,89881253
9/9/13,72.14,72.56,71.93,72.31,85171583
9/10/13,72.31,72.49,69.93,70.66,185798872
9/11/13,66.72,67.67,66.4,66.82,223526688
9/12/13,66.93,67.91,66.57,67.53,101012471
9/13/13,67.05,67.4,66.39,66.41,74708438
9/16/13,65.86,65.94,63.89,64.3,137137665
9/17/13,63.99,65.67,63.93,65.05,99844773
9/18/13,66.17,66.62,65.81,66.38,114215304
9/19/13,67.24,67.98,67.04,67.47,101134712
9/20/13,68.29,68.36,66.57,66.77,174825322
9/23/13,70.87,70.99,68.94,70.09,190526525
9/24/13,70.7,70.78,69.69,69.87,91085743
9/25/13,69.89,69.95,68.78,68.79,79239167
9/26/13,69.43,69.79,69.13,69.46,59305183
9/27/13,69.11,69.24,68.67,68.96,57009729
9/30/13,68.18,68.81,67.77,68.11,65039408
10/1/13,68.35,69.88,68.34,69.71,88470655
10/2/13,69.38,70.26,69.11,69.94,72295902
10/3/13,70.07,70.34,68.68,69.06,80688503
10/4/13,69.12,69.23,68.37,69,64717380
10/7/13,69.51,70.38,69.34,69.68,78073107
10/8/13,69.99,70.09,68.65,68.71,72729006
10/9/13,69.23,69.68,68.33,69.51,75431216
10/10/13,70.19,70.34,69.58,69.95,69650490
10/11/13,69.57,70.55,69.31,70.4,66934938
10/14/13,69.98,71.08,69.91,70.86,65474542
10/15/13,71.07,71.71,70.79,71.24,80018603
10/16/13,71.54,71.79,71.32,71.59,62775013
10/17/13,71.43,72.11,71.38,72.07,63398335
10/18/13,72.28,72.75,72.24,72.7,72635570
10/21/13,73.11,74.9,73.07,74.48,99526945
10/22/13,75.2,75.49,72.58,74.27,133515753
10/23/13,74.14,75.1,74.14,74.99,78431122
10/24/13,75,76.07,74.64,75.99,96191095
10/25/13,75.9,76.18,75.02,75.14,84448133
10/28/13,75.58,75.86,74.74,75.7,137610123
10/29/13,76.61,77.04,73.51,73.81,158952115
10/30/13,74.23,75.36,73.86,74.98,88540697
10/31/13,75,75.36,74.47,74.67,68923785
11/1/13,74.86,74.97,73.69,74.29,68722304
11/4/13,74.44,75.26,74.12,75.25,61157033
11/5/13,74.94,75.56,74.71,75.06,66368071
11/6/13,74.88,74.98,74.03,74.42,55844152
11/7/13,74.23,74.74,73.2,73.21,65655100
11/8/13,73.51,74.45,73.23,74.37,69829543
11/11/13,74.28,74.52,73.49,74.15,56863303
11/12/13,73.95,74.85,73.86,74.29,51114651
11/13/13,74,74.61,73.85,74.38,49304927
11/14/13,74.69,75.61,74.55,75.45,70605087
11/15/13,75.23,75.58,74.93,75,79479764
11/18/13,75,75.31,74.03,74.09,61236224
11/19/13,74.15,74.77,74,74.22,52234707
11/20/13,74.18,74.35,73.48,73.57,48545798
11/21/13,73.94,74.46,73.38,74.45,65506861
11/22/13,74.22,74.59,74.08,74.26,55931232
11/25/13,74.43,75.12,74.43,74.82,57348403
11/26/13,74.87,76.59,74.86,76.2,100345728
11/27/13,76.62,78,76.2,77.99,90861841
11/29/13,78.5,79.76,78.26,79.44,79532215
12/2/13,79.71,80.62,78.69,78.75,118135885
12/3/13,79.76,80.91,79.67,80.9,112741734
12/4/13,80.79,81.31,80.12,80.71,94452666
12/5/13,81.81,82.16,80.92,81.13,111895315
12/6/13,80.83,80.96,79.94,80,86088352
12/9/13,80.14,81.37,80.13,80.92,80123533
12/10/13,80.52,81.13,80.17,80.79,69567610
12/11/13,81.01,81.57,79.96,80.19,89929693
12/12/13,80.38,80.76,80,80.08,65572318
12/13/13,80.34,80.41,79.1,79.2,83205283
12/16/13,79.37,80.38,79.29,79.64,70648452
12/17/13,79.39,79.92,79.05,79.28,57475649
12/18/13,78.21,78.78,76.97,78.68,141465807
12/19/13,78.38,78.57,77.68,77.78,80239369
12/20/13,77.91,78.8,77.83,78.43,109103435
12/23/13,81.14,81.53,80.39,81.44,125326831
12/24/13,81.41,81.7,80.86,81.1,41888735
12/26/13,81.16,81.36,80.48,80.56,51002035
12/27/13,80.55,80.63,79.93,80.01,56471317
12/30/13,79.64,80.01,78.9,79.22,63407722
12/31/13,79.17,80.18,79.14,80.15,55819372
1/2/14,79.38,79.58,78.86,79.02,58791957
1/3/14,78.98,79.1,77.2,77.28,98303870
1/6/14,76.78,78.11,76.23,77.7,103359151
1/7/14,77.76,77.99,76.85,77.15,79432766
1/8/14,76.97,77.94,76.96,77.64,64686685
1/9/14,78.11,78.12,76.48,76.65,69905199
1/10/14,77.12,77.26,75.87,76.13,76320664
1/13/14,75.7,77.5,75.7,76.53,94860843
1/14/14,76.89,78.1,76.81,78.06,83734371
1/15/14,79.07,80.03,78.81,79.62,98472619
1/16/14,79.27,79.55,78.81,79.18,57471330
1/17/14,78.78,78.87,77.13,77.24,108426689
1/21/14,77.28,78.58,77.2,78.44,82255544
1/22/14,78.7,79.61,78.26,78.79,95219334
1/23/14,78.56,79.5,77.83,79.45,100978346
1/24/14,79.14,79.37,77.82,78.01,108384437
1/27/14,78.58,79.26,77.96,78.64,144219152
1/28/14,72.68,73.57,71.72,72.36,266833581
1/29/14,71.99,72.48,71.23,71.54,125942796
1/30/14,71.79,72.36,70.96,71.4,169762789
1/31/14,70.74,71.65,70.51,71.51,116336444
2/3/14,71.8,72.53,71.33,71.65,100620772
2/4/14,72.26,72.78,71.82,72.68,94273543
2/5/14,72.37,73.61,72.32,73.23,82322156
2/6/14,72.87,73.36,72.54,73.22,64497223
2/7/14,74.48,74.7,73.91,74.24,93638601
2/10/14,74.09,76,74,75.57,86451022
2/11/14,75.8,76.82,75.64,76.57,70672252
2/12/14,76.71,77.08,76.18,76.56,77127064
2/13/14,76.38,77.84,76.31,77.78,76960156
2/14/14,77.5,78,77.32,77.71,68468036
2/18/14,78,78.74,77.94,78,65306248
2/19/14,77.82,78.13,76.34,76.77,78554420
2/20/14,76.14,76.71,75.57,75.88,76529103
2/21/14,76.11,76.37,74.94,75.04,69757247
2/24/14,74.74,75.7,74.63,75.36,72364950
2/25/14,75.63,75.65,74.43,74.58,58247350
2/26/14,74.8,75,73.66,73.91,69131286
2/27/14,73.88,75.54,73.72,75.38,75557321
2/28/14,75.58,76.11,74.59,75.18,93074653
3/3/14,74.77,75.81,74.69,75.39,59784494
3/4/14,75.86,76.09,75.4,75.89,64884834
3/5/14,75.85,76.39,75.59,76.05,50065519
3/6/14,76.11,76.35,75.44,75.82,46423111
3/7/14,75.87,76,75.15,75.78,55415241
3/10/14,75.48,76.19,75.48,75.85,44691430
3/11/14,76.49,76.96,76.08,76.58,70198849
3/12/14,76.36,76.76,76,76.66,50195460
3/13/14,76.78,77.09,75.59,75.81,64435609
3/14/14,75.54,75.84,74.71,74.96,59299492
3/17/14,75.39,75.71,75.12,75.25,49886074
3/18/14,75.13,76,75.03,75.91,52411863
3/19/14,76.04,76.61,75.57,75.89,56188958
3/20/14,75.7,76.1,75.34,75.53,52099537
3/21/14,75.99,76.25,75.19,76.12,93612169
3/24/14,76.92,77.21,76.44,77.03,88924871
3/25/14,77.36,77.96,77.08,77.86,70573356
3/26/14,78.07,78.43,76.98,77.11,74942224
3/27/14,77.14,77.36,76.45,76.78,55507676
3/28/14,76.9,76.99,76.32,76.69,50141063
3/31/14,77.03,77.26,76.56,76.68,42167188
4/1/14,76.82,77.41,76.68,77.38,50189685
4/2/14,77.48,77.64,77.18,77.51,45104871
4/3/14,77.34,77.5,76.81,76.97,40648111
4/4/14,77.12,77.14,75.8,75.97,68812485
4/7/14,75.43,75.84,74.56,74.78,72462530
4/8/14,75.03,75.16,74.1,74.78,60971883
4/9/14,74.66,75.78,74.57,75.76,51542722
4/10/14,75.81,76.03,74.74,74.78,59912818
4/11/14,74.14,74.69,73.88,74.23,67975012
4/14/14,74.56,74.59,73.89,74.53,51445177
4/15/14,74.32,74.52,73.05,73.99,66622577
4/16/14,74.01,74.44,73.45,74.14,53732994
4/17/14,74.29,75.39,74.17,74.99,71106721
4/21/14,75.05,76.02,74.85,75.88,45668931
4/22/14,75.47,75.98,75.21,75.96,50664453
4/23/14,75.58,75.88,74.92,74.96,98735259
4/24/14,81.17,81.43,80.1,81.11,189978082
4/25/14,80.65,81.71,80.57,81.71,97568814
4/28/14,81.83,85.11,81.79,84.87,167371680
4/29/14,84.82,85.14,84.22,84.62,84344673
4/30/14,84.66,85.63,84.26,84.3,114220883
5/1/14,84.57,84.97,83.77,84.5,61052418
5/2/14,84.62,84.89,84.24,84.65,47878572
5/5/14,84.31,85.86,84.29,85.85,71766758
5/6/14,85.97,86.34,84.92,84.92,93641373
5/7/14,85.04,85.33,83.96,84.62,70715988
5/8/14,84.04,84.92,83.77,84,57574363
5/9/14,83.51,83.75,82.9,83.65,72899498
5/12/14,83.93,84.81,83.91,84.69,53324677
5/13/14,84.57,84.93,84.39,84.82,39934594
5/14/14,84.63,85.34,84.53,84.84,41600846
5/15/14,84.96,85.23,84.01,84.12,57711731
5/16/14,84.09,85.36,83.63,85.36,69091834
5/19/14,85.41,86.76,85.33,86.37,79439024
5/20/14,86.36,86.63,85.82,86.39,58708986
5/21/14,86.26,86.67,86.01,86.62,49249914
5/22/14,86.66,87.12,86.3,86.75,50218945
5/23/14,86.75,87.82,86.64,87.73,58052491
5/27/14,87.98,89.41,87.95,89.38,87216605
5/28/14,89.43,89.98,89.11,89.14,78921885
5/29/14,89.69,90.98,89.68,90.77,94118633
5/30/14,91.14,92.02,89.84,90.43,141005137
6/2/14,90.57,90.69,88.93,89.81,92337903
6/3/14,89.78,91.25,89.75,91.08,73231620
6/4/14,91.06,92.56,90.87,92.12,83870521
6/5/14,92.31,92.77,91.8,92.48,75951141
6/6/14,92.84,93.04,92.07,92.22,87620911
6/9/14,92.7,93.88,91.75,93.7,75414804
6/10/14,94.73,95.05,93.57,94.25,62777042
6/11/14,94.13,94.76,93.47,93.86,45681114
6/12/14,94.04,94.12,91.9,92.29,54748791
6/13/14,92.2,92.44,90.88,91.28,54525280
6/16/14,91.51,92.75,91.45,92.2,35561270
6/17/14,92.31,92.7,91.8,92.08,29726347
6/18/14,92.27,92.29,91.35,92.18,33514108
6/19/14,92.29,92.3,91.34,91.86,35527686
6/20/14,91.85,92.55,90.9,90.91,100898066
6/23/14,91.32,91.62,90.6,90.83,43694391
6/24/14,90.75,91.74,90.19,90.28,39036087
6/25/14,90.21,90.7,89.65,90.36,36868541
6/26/14,90.37,91.05,89.8,90.9,32629359
6/27/14,90.82,92,90.77,91.98,64028803
6/30/14,92.1,93.72,92.09,92.93,49589028
7/1/14,93.52,94.07,93.13,93.52,38223477
7/2/14,93.86,94.06,93.09,93.48,28465073
7/3/14,93.67,94.1,93.2,94.03,22891753
7/7/14,94.14,95.99,94.1,95.97,56467939
7/8/14,96.27,96.8,93.92,95.35,65221678
7/9/14,95.44,95.95,94.76,95.39,36436440
7/10/14,93.76,95.55,93.52,95.04,39685552
7/11/14,95.36,95.89,94.86,95.22,34018228
7/14/14,95.86,96.89,95.65,96.45,42810155
7/15/14,96.8,96.85,95.03,95.32,45696176
7/16/14,96.97,97.1,94.74,94.78,53502415
7/17/14,95.03,95.28,92.57,93.09,57298243
7/18/14,93.62,94.74,93.02,94.43,49987593
7/21/14,94.99,95,93.72,93.94,39079002
7/22/14,94.68,94.89,94.12,94.72,55196597
7/23/14,95.42,97.88,95.17,97.19,92917719
7/24/14,97.04,97.32,96.42,97.03,45728843
7/25/14,96.85,97.84,96.64,97.67,43469117
7/28/14,97.82,99.24,97.55,99.02,55317689
7/29/14,99.33,99.44,98.25,98.38,43143095
7/30/14,98.44,98.7,97.67,98.15,33010001
7/31/14,97.16,97.45,95.33,95.6,56842647
8/1/14,94.9,96.62,94.81,96.13,48511286
8/4/14,96.37,96.58,95.17,95.59,39958144
8/5/14,95.36,95.68,94.36,95.12,55932663
8/6/14,94.75,95.48,94.71,94.96,38558342
8/7/14,94.93,95.95,94.1,94.48,46711179
8/8/14,94.26,94.82,93.28,94.74,41865193
8/11/14,95.27,96.08,94.84,95.99,36584844
8/12/14,96.04,96.88,95.61,95.97,33795352
8/13/14,96.15,97.24,96.04,97.24,31916439
8/14/14,97.33,97.57,96.8,97.5,28115566
8/15/14,97.9,98.19,96.86,97.98,48951331
8/18/14,98.49,99.37,97.98,99.16,47572413
8/19/14,99.41,100.68,99.32,100.53,69399270
8/20/14,100.44,101.09,99.95,100.57,52699192
8/21/14,100.57,100.94,100.11,100.58,33478198
8/22/14,100.29,101.47,100.19,101.32,44183834
8/25/14,101.79,102.17,101.28,101.54,40270173
8/26/14,101.42,101.5,100.86,100.89,33151984
8/27/14,101.02,102.57,100.7,102.13,52369011
8/28/14,102.13,102.78,101.56,102.25,68459801
8/29/14,102.86,102.9,102.2,102.5,44595247
9/2/14,103.06,103.74,102.72,103.3,53564262
9/3/14,103.1,103.2,98.58,98.94,125420521
9/4/14,98.85,100.09,97.79,98.12,85718221
9/5/14,98.8,99.39,98.31,98.97,58457035
9/8/14,99.3,99.31,98.05,98.36,46356742
9/9/14,99.08,103.08,96.14,97.99,189846255
9/10/14,98.01,101.11,97.76,101,100869587
9/11/14,100.41,101.44,99.62,101.43,62399743
9/12/14,101.21,102.19,101.08,101.66,64096903
9/15/14,102.81,103.05,101.44,101.63,61316516
9/16/14,99.8,101.26,98.89,100.86,66908133
9/17/14,101.27,101.8,100.59,101.58,60926498
9/18/14,101.93,102.35,101.56,101.79,37299435
9/19/14,102.29,102.35,100.88,100.96,70902406
9/22/14,101.8,102.14,100.58,101.06,52788426
9/23/14,100.6,102.94,100.54,102.64,63402196
9/24/14,102.16,102.85,101.2,101.75,60171828
9/25/14,100.51,100.71,97.72,97.87,100091990
9/26/14,98.53,100.75,98.4,100.75,62370501
9/29/14,98.65,100.44,98.63,100.11,49766312
9/30/14,100.81,101.54,100.53,100.75,55264139
10/1/14,100.59,100.69,98.7,99.18,51491286
10/2/14,99.27,100.22,98.04,99.9,47757828
10/3/14,99.44,100.21,99.04,99.62,43469585
10/6/14,99.95,100.65,99.42,99.62,37051182
10/7/14,99.43,100.12,98.73,98.75,42094183
10/8/14,98.76,101.11,98.31,100.8,57404674
10/9/14,101.54,102.38,100.61,101.02,77376525
10/10/14,100.69,102.03,100.3,100.73,66331592
10/13/14,101.33,101.78,99.81,99.81,53583368
10/14/14,100.39,100.52,98.57,98.75,63688562
10/15/14,97.97,99.15,95.18,97.54,100933600
10/16/14,95.55,97.72,95.41,96.26,72154523
10/17/14,97.5,99,96.81,97.67,68179688
10/20/14,98.32,99.96,98.22,99.76,77517279
10/21/14,103.02,103.02,101.27,102.47,94623904
10/22/14,102.84,104.11,102.6,102.99,68263146
10/23/14,104.08,105.05,103.63,104.83,71074674
10/24/14,105.18,105.49,104.53,105.22,47053916
10/27/14,104.85,105.48,104.7,105.11,34187701
10/28/14,105.4,106.74,105.35,106.74,48060949
10/29/14,106.65,107.37,106.36,107.34,52687879
10/30/14,106.96,107.35,105.9,106.98,40654793
10/31/14,108.01,108.04,107.21,108,44639285
11/3/14,108.22,110.3,108.01,109.4,52282550
11/4/14,109.36,109.49,107.72,108.6,41574365
11/5/14,109.1,109.3,108.12,108.86,37435905
11/6/14,108.6,108.79,107.8,108.7,34968457
11/7/14,108.75,109.32,108.55,109.01,33691535
11/10/14,109.02,109.33,108.67,108.83,27195547
11/11/14,108.7,109.75,108.4,109.7,27442252
11/12/14,109.38,111.43,109.37,111.25,46942431
11/13/14,111.8,113.45,111.6,112.82,59522855
11/14/14,113.15,114.19,113.05,114.18,44063595
11/17/14,114.27,117.28,113.3,113.99,46746712
11/18/14,113.94,115.69,113.89,115.47,44223978
11/19/14,115.44,115.74,113.8,114.67,41869160
11/20/14,114.91,116.86,114.85,116.31,43395537
11/21/14,117.51,117.57,116.03,116.47,57179298
11/24/14,116.85,118.77,116.62,118.62,47450824
11/25/14,119.07,119.75,117.45,117.6,68840440
11/26/14,117.94,119.1,117.83,119,40831886
11/28/14,119.27,119.4,118.05,118.93,24814402
12/1/14,118.81,119.25,111.27,115.07,83814037
12/2/14,113.5,115.75,112.75,114.63,59348940
12/3/14,115.75,116.35,115.11,115.93,43063440
12/4/14,115.77,117.2,115.29,115.49,42155776
12/5/14,115.99,116.08,114.64,115,38318895
12/8/14,114.1,114.65,111.62,112.4,57664850
12/9/14,110.19,114.3,109.35,114.12,60208036
12/10/14,114.41,114.85,111.54,111.95,44565318
12/11/14,112.26,113.8,111.34,111.62,41471578
12/12/14,110.46,111.87,109.58,109.73,56028138
12/15/14,110.7,111.6,106.35,108.22,67218082
12/16/14,106.37,110.16,106.26,106.74,60790733
12/17/14,107.12,109.84,106.82,109.41,53411773
12/18/14,111.87,112.65,110.66,112.65,59006218
12/19/14,112.26,113.24,111.66,111.78,88429770
12/22/14,112.16,113.49,111.97,112.94,45167549
12/23/14,113.23,113.33,112.46,112.54,26028419
12/24/14,112.58,112.71,112.01,112.01,14479611
12/26/14,112.1,114.52,112.01,113.99,33720951
12/29/14,113.79,114.77,113.7,113.91,27598920
12/30/14,113.64,113.92,112.11,112.52,29881477
12/31/14,112.82,113.13,110.21,110.38,41403351
1/2/15,111.39,111.44,107.35,109.33,53204626
1/5/15,108.29,108.65,105.41,106.25,64285491
1/6/15,106.54,107.43,104.63,106.26,65797116
1/7/15,107.2,108.2,106.7,107.75,40105934
1/8/15,109.23,112.15,108.7,111.89,59364547
1/9/15,112.67,113.25,110.21,112.01,53699527
1/12/15,112.6,112.63,108.8,109.25,49650790
1/13/15,111.43,112.8,108.91,110.22,67091928
1/14/15,109.04,110.49,108.5,109.8,48956588
1/15/15,110,110.06,106.66,106.82,60013996
1/16/15,107.03,107.58,105.2,105.99,78513345
1/20/15,107.84,108.97,106.5,108.72,49899907
1/21/15,108.95,111.06,108.27,109.55,48575897
1/22/15,110.26,112.47,109.72,112.4,53796409
1/23/15,112.3,113.75,111.53,112.98,46464828
1/26/15,113.74,114.36,112.8,113.1,55614979
1/27/15,112.42,112.48,109.03,109.14,95568749
1/28/15,117.62,118.12,115.31,115.31,146477063
1/29/15,116.32,119.19,115.56,118.9,84436432
1/30/15,118.4,120,116.85,117.16,83745461
2/2/15,118.05,119.17,116.08,118.63,62739100
2/3/15,118.5,119.09,117.61,118.65,51915749
2/4/15,118.5,120.51,118.31,119.56,70149743
2/5/15,120.02,120.23,119.25,119.94,42246245
2/6/15,120.02,120.25,118.45,118.93,43706567
2/9/15,118.55,119.84,118.43,119.72,38889797
2/10/15,120.17,122.15,120.16,122.02,62008506
2/11/15,122.77,124.92,122.5,124.88,73561797
2/12/15,126.06,127.48,125.57,126.46,74474466
2/13/15,127.28,127.28,125.65,127.08,54272219
2/17/15,127.49,128.88,126.92,127.83,63152405
2/18/15,127.62,128.78,127.45,128.72,44891737
2/19/15,128.48,129.03,128.33,128.45,37362381
2/20/15,128.62,129.5,128.05,129.5,48948419
2/23/15,130.02,133,129.66,133,70974110
2/24/15,132.94,133.6,131.17,132.17,69228130
2/25/15,131.56,131.6,128.15,128.79,74711746
2/26/15,128.78,130.87,126.61,130.42,91287529
2/27/15,130,130.57,128.24,128.46,62014847
3/2/15,129.25,130.28,128.3,129.09,48096663
3/3/15,128.96,129.52,128.09,129.36,37816283
3/4/15,129.1,129.56,128.32,128.54,31666340
3/5/15,128.58,128.75,125.76,126.41,56517146
3/6/15,128.4,129.37,126.26,126.6,72842060
3/9/15,127.96,129.57,125.06,127.14,88528487
3/10/15,126.41,127.22,123.8,124.51,68856582
3/11/15,124.75,124.77,122.11,122.24,68938974
3/12/15,122.31,124.9,121.63,124.45,48362719
3/13/15,124.4,125.4,122.58,123.59,51827283
3/16/15,123.88,124.95,122.87,124.95,35874300
3/17/15,125.9,127.32,125.65,127.04,51023104
3/18/15,127,129.16,126.37,128.47,65270945
3/19/15,128.75,129.25,127.4,127.5,45809490
3/20/15,128.25,128.4,125.16,125.9,68695136
3/23/15,127.12,127.85,126.52,127.21,37709674
3/24/15,127.23,128.04,126.56,126.69,32842304
3/25/15,126.54,126.82,123.38,123.38,51655177
3/26/15,122.76,124.88,122.6,124.24,47572869
3/27/15,124.57,124.7,122.91,123.25,39546151
3/30/15,124.05,126.4,124,126.37,47099670
3/31/15,126.09,126.49,124.36,124.43,42090553
4/1/15,124.82,125.12,123.1,124.25,40621437
4/2/15,125.03,125.56,124.19,125.32,32220131
4/6/15,124.47,127.51,124.33,127.35,37193975
4/7/15,127.64,128.12,125.98,126.01,35012268
4/8/15,125.85,126.4,124.97,125.6,37329243
4/9/15,125.85,126.58,124.66,126.56,32483974
4/10/15,125.95,127.21,125.26,127.1,40187953
4/13/15,128.37,128.57,126.61,126.85,36365123
4/14/15,127,127.29,125.91,126.3,25524593
4/15/15,126.41,127.13,126.01,126.78,28970419
4/16/15,126.28,127.1,126.11,126.17,28368987
4/17/15,125.55,126.14,124.46,124.75,51957046
4/20/15,125.57,128.12,125.17,127.6,47054310
4/21/15,128.1,128.2,126.67,126.91,32435057
4/22/15,126.99,128.87,126.32,128.62,37654505
4/23/15,128.3,130.42,128.14,129.67,45770902
4/24/15,130.49,130.63,129.23,130.28,44525905
4/27/15,132.31,133.13,131.15,132.65,96954207
4/28/15,134.46,134.54,129.57,130.56,118923970
4/29/15,130.16,131.59,128.3,128.64,63386083
4/30/15,128.64,127.88,124.58,125.15,83195423
5/1/15,126.1,130.13,125.3,128.95,58512638
5/4/15,129.5,130.57,128.26,128.7,50988278
5/5/15,128.15,128.45,125.78,125.8,49271416
5/6/15,126.56,126.75,123.36,125.01,72141010
5/7/15,124.77,126.08,124.02,125.26,43940895
5/8/15,126.68,127.62,126.11,127.62,55550382
5/11/15,127.39,127.56,125.62,126.32,42035757
5/12/15,125.6,126.88,124.82,125.86,48160032
5/13/15,126.15,127.19,125.87,126.01,34694235
5/14/15,127.41,128.95,127.16,128.95,45203456
5/15/15,129.07,129.49,128.21,128.77,38208034
5/18/15,128.38,130.72,128.36,130.19,50882918
5/19/15,130.69,130.88,129.64,130.07,44633240
5/20/15,130,130.98,129.34,130.06,36454932
5/21/15,130.07,131.63,129.83,131.39,39730364
5/22/15,131.6,132.97,131.4,132.54,45595972
5/26/15,132.6,132.91,129.12,129.62,70697560
5/27/15,130.34,132.26,130.05,132.04,45833246
5/28/15,131.86,131.95,131.1,131.78,30733309
5/29/15,131.23,131.45,129.9,130.28,50884452
6/1/15,130.28,131.39,130.05,130.54,32112797
6/2/15,129.86,130.66,129.32,129.96,33667627
6/3/15,130.66,130.94,129.9,130.12,30983542
6/4/15,129.58,130.58,128.91,129.36,38450118
6/5/15,129.5,129.69,128.36,128.65,35626800
6/8/15,128.9,129.21,126.83,127.8,52674786
6/9/15,126.7,128.08,125.62,127.42,56075420
6/10/15,127.92,129.34,127.85,128.88,39087250
6/11/15,129.18,130.18,128.48,128.59,35390887
6/12/15,128.18,128.33,127.11,127.17,36886246
6/15/15,126.1,127.24,125.71,126.92,43988946
6/16/15,127.03,127.85,126.37,127.6,31494131
6/17/15,127.72,127.88,126.74,127.3,32918071
6/18/15,127.23,128.31,127.22,127.88,35407220
6/19/15,127.71,127.82,126.4,126.6,54716887
6/22/15,127.49,128.06,127.08,127.61,34039345
6/23/15,127.48,127.61,126.88,127.03,30268863
6/24/15,127.21,129.8,127.12,128.11,55280855
6/25/15,128.86,129.2,127.5,127.5,31938100
6/26/15,127.67,127.99,126.51,126.75,44066841
6/29/15,125.46,126.47,124.48,124.53,49161427
6/30/15,125.57,126.12,124.86,125.42,44370682
7/1/15,126.9,126.94,125.99,126.6,30238811
7/2/15,126.43,126.69,125.77,126.44,27210952
7/6/15,124.94,126.23,124.85,126,28060431
7/7/15,125.89,126.15,123.77,125.69,46946811
7/8/15,124.48,124.64,122.54,122.57,60761614
7/9/15,123.85,124.06,119.22,120.07,78595038
7/10/15,121.94,123.85,121.21,123.28,61354474
7/13/15,125.03,125.76,124.32,125.66,41440538
7/14/15,126.04,126.37,125.04,125.61,31768139
7/15/15,125.72,127.15,125.58,126.82,33649200
7/16/15,127.74,128.57,127.35,128.51,36222447
7/17/15,129.08,129.62,128.31,129.62,46164710
7/20/15,130.97,132.97,130.7,132.07,58900203
7/21/15,132.85,132.92,130.32,130.75,76756427
7/22/15,121.99,125.5,121.99,125.22,115450607
7/23/15,126.2,127.09,125.06,125.16,50999452
7/24/15,125.32,125.74,123.9,124.5,42162332
7/27/15,123.09,123.61,122.12,122.77,44455540
7/28/15,123.38,123.91,122.55,123.38,33618097
7/29/15,123.15,123.5,122.27,122.99,37011653
7/30/15,122.32,122.57,121.71,122.37,33628268
7/31/15,122.6,122.64,120.91,121.3,42884953
8/3/15,121.5,122.57,117.52,118.44,69975968
8/4/15,117.42,117.7,113.25,114.64,124138623
8/5/15,112.95,117.44,112.1,115.4,99312613
8/6/15,115.97,116.5,114.12,115.13,52903040
8/7/15,114.58,116.25,114.5,115.52,38670405
8/10/15,116.53,119.99,116.53,119.72,54951597
8/11/15,117.81,118.18,113.33,113.49,97082814
8/12/15,112.53,115.42,109.63,115.24,101685610
8/13/15,116.04,116.4,114.54,115.15,48535789
8/14/15,114.32,116.31,114.01,115.96,42929516
8/17/15,116.04,117.65,115.5,117.16,40884745
8/18/15,116.43,117.44,116.01,116.5,34560708
8/19/15,116.1,116.52,114.68,115.01,48286510
8/20/15,114.08,114.35,111.63,112.65,67765523
8/21/15,110.43,111.9,105.64,105.76,126289223
8/24/15,94.87,108.8,92,103.12,161454199
8/25/15,111.11,111.11,103.5,103.74,102240208
8/26/15,107.08,109.89,105.05,109.69,96226269
8/27/15,112.23,113.24,110.02,112.92,83265146
8/28/15,112.17,113.31,111.54,113.29,52896384
8/31/15,112.03,114.53,112,112.76,55962842
9/1/15,110.15,111.88,107.36,107.72,75988194
9/2/15,110.23,112.34,109.13,112.34,61520170
9/3/15,112.49,112.78,110.04,110.37,52906410
9/4/15,108.97,110.45,108.51,109.27,49628615
9/8/15,111.75,112.56,110.32,112.31,54114204
9/9/15,113.76,114.02,109.77,110.15,84344438
9/10/15,110.27,113.28,109.9,112.57,62675234
9/11/15,111.79,114.21,111.76,114.21,49441846
9/14/15,116.58,116.89,114.86,115.31,58201862
9/15/15,115.93,116.53,114.42,116.28,43004052
9/16/15,116.25,116.54,115.44,116.41,36909956
9/17/15,115.66,116.49,113.72,113.92,63462713
9/18/15,112.21,114.3,111.87,113.45,73418992
9/21/15,113.67,115.37,113.66,115.21,46554289
9/22/15,113.38,114.18,112.52,113.4,49809010
9/23/15,113.63,114.72,113.3,114.32,35645658
9/24/15,113.25,115.5,112.37,115,49810647
9/25/15,116.44,116.69,114.02,114.71,55842210
9/28/15,113.85,114.57,112.44,112.44,51723929
9/29/15,112.83,113.51,107.86,109.06,73135853
9/30/15,110.17,111.54,108.73,110.3,66105030
10/1/15,109.07,109.62,107.31,109.58,63747954
10/2/15,108.01,111.01,107.55,110.38,57560431
10/5/15,110.08,111.37,109.07,110.78,51723110
10/6/15,110.63,111.74,109.76,111.31,48196751
10/7/15,110.47,111.77,109.41,110.78,46602587
10/8/15,110.06,110.19,108.21,109.5,61698450
10/9/15,111.64,112.28,109.49,112.12,52533783
10/12/15,112.73,112.75,111.44,111.6,30114425
10/13/15,110.82,112.45,110.68,111.79,32424018
10/14/15,111.29,111.52,109.56,110.21,44325611
10/15/15,110.93,112.1,110.49,111.86,37340996
10/16/15,111.78,112,110.53,111.04,38236278
10/19/15,110.8,111.75,110.11,111.73,29606075
10/20/15,111.34,114.17,110.82,113.77,48778770
10/21/15,114,115.58,113.7,113.76,41795238
10/22/15,114.33,115.5,114.1,115.5,41272693
10/23/15,118.77,119.23,116.33,119.08,59139552
10/26/15,118.08,118.13,114.92,115.28,66019504
10/27/15,115.4,116.54,113.99,114.55,57953589
10/28/15,117.58,119.3,116.06,119.27,85023324
10/29/15,118.7,120.69,118.27,120.53,50240803
10/30/15,120.99,121.22,119.45,119.5,48811991
11/2/15,120.8,121.36,119.61,121.18,31761309
11/3/15,120.79,123.49,120.7,122.57,45331025
11/4/15,122.56,123.82,121.62,122,44343498
11/5/15,121.85,122.69,120.18,120.92,39258480
11/6/15,121.08,121.81,120.62,121.06,32931447
11/9/15,120.96,121.81,120.05,120.57,33657546
11/10/15,116.9,118.07,116.06,116.77,58635125
11/11/15,116.37,117.42,115.21,116.11,45104903
11/12/15,116.26,116.82,115.65,115.72,32262598
11/13/15,115.2,115.57,112.27,112.34,45164053
11/16/15,111.38,114.24,111,114.18,37651022
11/17/15,114.92,115.05,113.32,113.69,27253964
11/18/15,115.76,117.49,115.5,117.29,46163404
11/19/15,117.64,119.75,116.76,118.78,42908179
11/20/15,119.2,119.92,118.85,119.3,34103529
11/23/15,119.27,119.73,117.34,117.75,32266736
11/24/15,117.33,119.35,117.12,118.88,42426855
11/25/15,119.21,119.23,117.92,118.03,21388308
11/27/15,118.29,118.41,117.6,117.81,13043720
11/30/15,117.99,119.41,117.75,118.3,37658671
12/1/15,118.75,118.81,116.86,117.34,34700991
12/2/15,117.34,118.11,116.08,116.28,33198964
12/3/15,115.24,116.79,114.22,115.2,41569509
12/4/15,115.29,119.25,115.11,119.03,57776977
12/7/15,118.32,119.86,117.81,118.28,32084249
12/8/15,117.52,118.6,116.86,118.23,34309450
12/9/15,115.3,117.69,115.08,115.62,46361357
12/10/15,116.04,116.94,115.51,116.17,29212727
12/11/15,115.19,115.39,112.85,113.18,46886161
12/14/15,112.18,112.68,109.79,112.48,64318732
12/15/15,111.94,112.8,110.35,110.49,53323105
12/16/15,111.07,111.99,108.8,111.34,56238467
12/17/15,112.02,112.25,108.98,108.98,44772827
12/18/15,108.91,109.52,105.81,106.03,96453327
12/21/15,107.28,107.37,105.57,107.33,47590610
12/22/15,107.4,107.72,106.45,107.23,32789367
12/23/15,107.27,108.85,107.2,108.61,32657354
12/24/15,109,109,107.95,108.03,13596680
12/28/15,107.59,107.69,106.18,106.82,26704210
12/29/15,106.96,109.43,106.86,108.74,30931243
12/30/15,108.58,108.7,107.18,107.32,25213777
12/31/15,107.01,107.03,104.82,105.26,40912316
1/4/16,102.61,105.37,102,105.35,67281190
1/5/16,105.75,105.85,102.41,102.71,55790992
1/6/16,100.56,102.37,99.87,100.7,68457388
1/7/16,98.68,100.13,96.43,96.45,81094428
1/8/16,98.55,99.11,96.76,96.96,70798016
1/11/16,98.97,99.06,97.34,98.53,49739377
1/12/16,100.55,100.69,98.84,99.96,49154227
1/13/16,100.32,101.19,97.3,97.39,61745031
1/14/16,97.96,100.48,95.74,99.52,62424154
1/15/16,96.2,97.71,95.36,97.13,79010008
1/19/16,98.41,98.65,95.5,96.66,52841349
1/20/16,95.1,98.19,93.42,96.79,72008265
1/21/16,97.06,97.88,94.94,96.3,52054521
1/22/16,98.63,101.46,98.37,101.42,65562769
1/25/16,101.52,101.53,99.21,99.44,51196375
1/26/16,99.93,100.88,98.07,99.99,63538305
1/27/16,96.04,96.63,93.34,93.42,132224500
1/28/16,93.79,94.52,92.39,94.09,55557109
1/29/16,94.79,97.34,94.35,97.34,64010141
2/1/16,96.47,96.71,95.4,96.43,40571593
2/2/16,95.42,96.04,94.28,94.48,37081206
2/3/16,95,96.84,94.08,96.35,45366710
2/4/16,95.86,97.33,95.19,96.6,46263907
2/5/16,96.52,96.92,93.69,94.02,45853883
2/8/16,93.13,95.7,93.04,95.01,53852284
2/9/16,94.29,95.94,93.93,94.99,44262912
2/10/16,95.92,96.35,94.1,94.27,42244975
2/11/16,93.79,94.72,92.59,93.7,49686210
2/12/16,94.19,94.5,93.01,93.99,40121670
2/16/16,95.02,96.85,94.61,96.64,47490678
2/17/16,96.67,98.21,96.15,98.12,44390173
2/18/16,98.84,98.89,96.09,96.26,38494442
2/19/16,96,96.76,95.8,96.04,34485576
2/22/16,96.31,96.9,95.92,96.88,34048195
2/23/16,96.4,96.5,94.55,94.69,31686699
2/24/16,93.98,96.38,93.32,96.1,36155642
2/25/16,96.05,96.76,95.25,96.76,27393905
2/26/16,97.2,98.02,96.58,96.91,28913208
2/29/16,96.86,98.23,96.65,96.69,34876558
3/1/16,97.65,100.77,97.42,100.53,50153943
3/2/16,100.51,100.89,99.64,100.75,33084941
3/3/16,100.58,101.71,100.45,101.5,36792245
3/4/16,102.37,103.75,101.37,103.01,45936485
3/7/16,102.39,102.83,100.96,101.87,35828909
3/8/16,100.78,101.76,100.4,101.03,31274161
3/9/16,101.31,101.58,100.27,101.12,27130729
3/10/16,101.41,102.24,100.15,101.17,33513577
3/11/16,102.24,102.28,101.5,102.26,27200833
3/14/16,101.91,102.91,101.78,102.52,25027426
3/15/16,103.96,105.18,103.85,104.58,40067734
3/16/16,104.61,106.31,104.59,105.97,37893758
3/17/16,105.52,106.47,104.96,105.8,34244593
3/18/16,106.34,106.5,105.19,105.92,43402289
3/21/16,105.93,107.65,105.14,105.91,35180796
3/22/16,105.25,107.29,105.21,106.72,32232567
3/23/16,106.48,107.07,105.9,106.13,25452612
3/24/16,105.47,106.25,104.89,105.67,25480914
3/28/16,106,106.19,105.06,105.19,19303557
3/29/16,104.89,107.79,104.88,107.68,30774115
3/30/16,108.65,110.42,108.6,109.56,45159861
3/31/16,109.72,109.9,108.88,108.99,25685672
4/1/16,108.78,110,108.2,109.99,25626163
4/4/16,110.42,112.19,110.27,111.12,37243224
4/5/16,109.51,110.73,109.42,109.81,26495312
4/6/16,110.23,110.98,109.2,110.96,26047772
4/7/16,109.95,110.42,108.12,108.54,30881022
4/8/16,108.91,109.77,108.17,108.66,23514462
4/11/16,108.97,110.61,108.83,109.02,28313525
4/12/16,109.34,110.5,108.66,110.44,26812000
4/13/16,110.8,112.34,110.8,112.04,32691799
4/14/16,111.62,112.39,111.33,112.1,25337435
4/15/16,112.11,112.3,109.73,109.85,46418482
4/18/16,108.89,108.95,106.94,107.48,60834027
4/19/16,107.88,108,106.23,106.91,32292344
4/20/16,106.64,108.09,106.06,107.13,28666865
4/21/16,106.93,106.93,105.52,105.97,31356434
4/22/16,105.01,106.48,104.62,105.68,33477142
4/25/16,105,105.65,104.51,105.08,27950966
4/26/16,103.91,105.3,103.91,104.35,40338403
4/27/16,96,98.71,95.68,97.82,113538389
4/28/16,97.61,97.88,94.25,94.83,81990674
4/29/16,93.99,94.72,92.51,93.74,68334434
5/2/16,93.96,94.08,92.4,93.64,47736879
5/3/16,94.2,95.74,93.68,95.18,56533960
5/4/16,95.2,95.9,93.82,94.19,40824776
5/5/16,94,94.07,92.68,93.24,35763138
5/6/16,93.37,93.45,91.85,92.72,43458189
5/9/16,93,93.77,92.59,92.79,32855251
5/10/16,93.33,93.57,92.11,93.42,33592465
5/11/16,93.48,93.57,92.46,92.51,28539912
5/12/16,92.72,92.78,89.47,90.34,76109795
5/13/16,90,91.67,90,90.52,44188153
5/16/16,92.39,94.39,91.65,93.88,61140610
5/17/16,94.55,94.7,93.01,93.49,46507449
5/18/16,94.16,95.21,93.89,94.56,41923114
5/19/16,94.64,94.64,93.57,94.2,29693945
5/20/16,94.64,95.43,94.52,95.22,31804564
5/23/16,95.87,97.19,95.67,96.43,37860535
5/24/16,97.22,98.09,96.84,97.9,35036561
5/25/16,98.67,99.74,98.11,99.62,38168760
5/26/16,99.68,100.73,98.64,100.41,56093437
5/27/16,99.44,100.47,99.24,100.35,36229530
5/31/16,99.6,100.4,98.82,99.86,42307212
6/1/16,99.02,99.54,98.33,98.46,29173285
6/2/16,97.6,97.84,96.63,97.72,40191600
6/3/16,97.79,98.27,97.45,97.92,28504888
6/6/16,97.99,101.89,97.55,98.63,23292504
6/7/16,99.25,99.87,98.96,99.03,22409450
6/8/16,99.02,99.56,98.68,98.94,20848131
6/9/16,98.5,99.99,98.46,99.65,26601354
6/10/16,98.53,99.35,98.48,98.83,31712936
6/13/16,98.69,99.12,97.1,97.34,38020494
6/14/16,97.32,98.48,96.75,97.46,31931944
6/15/16,97.82,98.41,97.03,97.14,29445227
6/16/16,96.45,97.75,96.07,97.55,31326815
6/17/16,96.62,96.65,95.3,95.33,61008219
6/20/16,96,96.57,95.03,95.1,34411901
6/21/16,94.94,96.35,94.68,95.91,35546358
6/22/16,96.25,96.89,95.35,95.55,29219122
6/23/16,95.94,96.29,95.25,96.1,32240187
6/24/16,92.91,94.66,92.65,93.4,75311356
6/27/16,93,93.05,91.5,92.04,46622188
6/28/16,92.9,93.66,92.14,93.59,40444914
6/29/16,93.97,94.55,93.63,94.4,36531006
6/30/16,94.44,95.77,94.3,95.6,35836356
7/1/16,95.49,96.46,95.33,95.89,26026540
7/5/16,95.39,95.4,94.46,94.99,27705210
7/6/16,94.6,95.66,94.37,95.53,30949090
7/7/16,95.7,96.5,95.62,95.94,25139558
7/8/16,96.49,96.89,96.05,96.68,28912103
7/11/16,96.75,97.65,96.73,96.98,23794945
7/12/16,97.17,97.7,97.12,97.42,24167463
7/13/16,97.41,97.67,96.84,96.87,25892171
7/14/16,97.39,98.99,97.32,98.79,38918997
7/15/16,98.92,99.3,98.5,98.78,30136990
7/18/16,98.7,100.13,98.6,99.83,36493867
7/19/16,99.56,100,99.34,99.87,23779924
7/20/16,100,100.46,99.74,99.96,26275968
7/21/16,99.83,101,99.13,99.43,32702028
7/22/16,99.26,99.3,98.31,98.66,28313669
7/25/16,98.25,98.84,96.92,97.34,40382921
7/26/16,96.82,97.97,96.42,96.67,56239822
7/27/16,104.26,104.35,102.75,102.95,92344820
7/28/16,102.83,104.45,102.82,104.34,39869839
7/29/16,104.19,104.55,103.68,104.21,27733688
8/1/16,104.41,106.15,104.41,106.05,38167871
8/2/16,106.05,106.07,104,104.48,33816556
8/3/16,104.81,105.84,104.77,105.79,30202641
8/4/16,105.58,106,105.28,105.87,27408650
8/5/16,106.27,107.65,106.18,107.48,40553402
8/8/16,107.52,108.37,107.16,108.37,28037220
8/9/16,108.23,108.94,108.01,108.81,26315204
8/10/16,108.71,108.9,107.76,108,24008505
8/11/16,108.52,108.93,107.85,107.93,27484506
8/12/16,107.78,108.44,107.78,108.18,18660434
8/15/16,108.14,109.54,108.08,109.48,25868209
8/16/16,109.63,110.23,109.21,109.38,33794448
8/17/16,109.1,109.37,108.34,109.22,25355976
8/18/16,109.23,109.6,109.02,109.08,21984703
8/19/16,108.77,109.69,108.36,109.36,25368072
8/22/16,108.86,109.1,107.85,108.51,25820230
8/23/16,108.59,109.32,108.53,108.85,21257669
8/24/16,108.56,108.75,107.68,108.03,23675081
8/25/16,107.39,107.88,106.68,107.57,25086248
8/26/16,107.41,107.95,106.31,106.94,27766291
8/29/16,106.62,107.44,106.29,106.82,24970300
8/30/16,105.8,106.5,105.5,106,24863945
8/31/16,105.66,106.57,105.64,106.1,29662406
9/1/16,106.14,106.8,105.62,106.73,26701523
9/2/16,107.7,108,106.82,107.73,26334858
9/6/16,107.9,108.3,107.51,107.7,26880391
9/7/16,107.83,108.76,107.07,108.36,42364328
9/8/16,107.25,107.27,105.24,105.52,53002026
9/9/16,104.64,105.72,103.13,103.13,46556984
9/12/16,102.65,105.72,102.53,105.44,45292770
9/13/16,107.51,108.79,107.24,107.95,62176190
9/14/16,108.73,113.03,108.6,111.77,112340318
9/15/16,113.86,115.73,113.49,115.57,90613177
9/16/16,115.12,116.13,114.04,114.92,79886911
9/19/16,115.19,116.18,113.25,113.58,47023046
9/20/16,113.05,114.12,112.51,113.57,34514269
9/21/16,113.85,113.99,112.44,113.55,36003185
9/22/16,114.35,114.94,114,114.62,31073984
9/23/16,114.42,114.79,111.55,112.71,52481151
9/26/16,111.64,113.39,111.55,112.88,29869442
9/27/16,113,113.18,112.34,113.09,24607412
9/28/16,113.69,114.64,113.43,113.95,29641085
9/29/16,113.16,113.8,111.8,112.18,35886990
9/30/16,112.46,113.37,111.8,113.05,36379106
10/3/16,112.71,113.05,112.28,112.52,21701760
10/4/16,113.06,114.31,112.63,113,29736835
10/5/16,113.4,113.66,112.69,113.05,21453089
10/6/16,113.7,114.34,113.13,113.89,28779313
10/7/16,114.31,114.56,113.51,114.06,24358443
10/10/16,115.02,116.75,114.72,116.05,36235956
10/11/16,117.7,118.69,116.2,116.3,64041043
10/12/16,117.35,117.98,116.75,117.34,37586787
10/13/16,116.79,117.44,115.72,116.98,35192406
10/14/16,117.88,118.17,117.13,117.63,35652191
10/17/16,117.33,117.84,116.78,117.55,23624896
10/18/16,118.18,118.21,117.45,117.47,24553478
10/19/16,117.25,117.76,113.8,117.12,20034594
10/20/16,116.86,117.38,116.33,117.06,24125801
10/21/16,116.81,116.91,116.28,116.6,23192665
10/24/16,117.1,117.74,117,117.65,23538673
10/25/16,117.95,118.36,117.31,118.25,48128970
10/26/16,114.31,115.7,113.31,115.59,66134219
10/27/16,115.39,115.86,114.1,114.48,34562045
10/28/16,113.87,115.21,113.45,113.72,37861662
10/31/16,113.65,114.23,113.2,113.54,26419398
11/1/16,113.46,113.77,110.53,111.49,43825812
11/2/16,111.4,112.35,111.23,111.59,28331709
11/3/16,110.98,111.46,109.55,109.83,26932602
11/4/16,108.53,110.25,108.11,108.84,30836997
11/7/16,110.08,110.51,109.46,110.41,32560000
11/8/16,110.31,111.72,109.7,111.06,24254179
11/9/16,109.88,111.32,108.05,110.88,59176361
11/10/16,111.09,111.09,105.83,107.79,57134541
11/11/16,107.12,108.87,106.55,108.43,34143898
11/14/16,107.71,107.81,104.08,105.71,51175504
11/15/16,106.57,107.68,106.16,107.11,32264510
11/16/16,106.7,110.23,106.6,109.99,58840522
11/17/16,109.81,110.35,108.83,109.95,26964598
11/18/16,109.72,110.54,109.66,110.06,28428917
11/21/16,110.12,111.99,110.01,111.73,29264571
11/22/16,111.95,112.42,111.4,111.8,25965534
11/23/16,111.36,111.51,110.33,111.23,27426394
11/25/16,111.47,111.87,110.95,111.79,11475922
11/28/16,111.43,112.46,111.39,111.57,27193983
11/29/16,110.78,112.03,110.07,111.46,28528750
11/30/16,111.6,112.2,110.27,110.52,36162258
12/1/16,110.36,110.94,109.03,109.49,37086862
12/2/16,109.17,110.09,108.85,109.9,26527997
12/5/16,110,110.03,108.25,109.11,34324540
12/6/16,109.5,110.36,109.19,109.95,26195462
12/7/16,109.26,111.19,109.16,111.03,29998719
12/8/16,110.86,112.43,110.6,112.12,27068316
12/9/16,112.31,114.7,112.31,113.95,34402627
12/12/16,113.29,115,112.49,113.3,26374377
12/13/16,113.84,115.92,113.75,115.19,43733811
12/14/16,115.04,116.2,114.98,115.19,34031834
12/15/16,115.38,116.73,115.23,115.82,46524544
12/16/16,116.47,116.5,115.64,115.97,44351134
12/19/16,115.8,117.38,115.75,116.64,27779423
12/20/16,116.74,117.5,116.68,116.95,21424965
12/21/16,116.8,117.4,116.78,117.06,23783165
12/22/16,116.35,116.51,115.64,116.29,26085854
12/23/16,115.59,116.52,115.59,116.52,14249484
12/27/16,116.52,117.8,116.49,117.26,18296855
12/28/16,117.52,118.02,116.2,116.76,20905892
12/29/16,116.45,117.11,116.4,116.73,15039519
12/30/16,116.65,117.2,115.43,115.82,30586265
1/3/17,115.8,116.33,114.76,116.15,28781865
1/4/17,115.85,116.51,115.75,116.02,21118116
1/5/17,115.92,116.86,115.81,116.61,22193587
1/6/17,116.78,118.16,116.47,117.91,31751900
1/9/17,117.95,119.43,117.94,118.99,33561948
1/10/17,118.77,119.38,118.3,119.11,24462051
1/11/17,118.74,119.93,118.6,119.75,27588593
1/12/17,118.9,119.3,118.21,119.25,27086220
1/13/17,119.11,119.62,118.81,119.04,26111948
1/17/17,118.34,120.24,118.22,120,34439843
1/18/17,120,120.5,119.71,119.99,23712961
1/19/17,119.4,120.09,119.37,119.78,25597291
1/20/17,120.45,120.45,119.73,120,32597892
1/23/17,120,120.81,119.77,120.08,22050218
1/24/17,119.55,120.1,119.5,119.97,23211038
1/25/17,120.42,122.1,120.28,121.88,32586673
1/26/17,121.67,122.44,121.6,121.94,26337576
1/27/17,122.14,122.35,121.6,121.95,20562944
1/30/17,120.93,121.63,120.66,121.63,30377503
1/31/17,121.15,121.39,120.62,121.35,49200993
2/1/17,127.03,130.49,127.01,128.75,111985040
2/2/17,127.98,129.39,127.78,128.53,33710411
2/3/17,128.31,129.19,128.16,129.08,24507301
2/6/17,129.13,130.5,128.9,130.29,26845924
2/7/17,130.54,132.09,130.45,131.53,38183841
2/8/17,131.35,132.22,131.22,132.04,23004072
2/9/17,131.65,132.44,131.12,132.42,28349859
2/10/17,132.46,132.94,132.05,132.12,20065458
2/13/17,133.08,133.82,132.75,133.29,23035421
2/14/17,133.47,135.09,133.25,135.02,33226223
2/15/17,135.52,136.27,134.62,135.51,35623100
2/16/17,135.67,135.9,134.84,135.34,22584555
2/17/17,135.1,135.83,135.1,135.72,22198197
2/21/17,136.23,136.75,135.98,136.7,24507156
2/22/17,136.43,137.12,136.11,137.11,20836932
2/23/17,137.38,137.48,136.3,136.53,20788186
2/24/17,135.91,136.66,135.28,136.66,21776585
2/27/17,137.14,137.44,136.28,136.93,20257426
2/28/17,137.08,137.44,136.7,136.99,23482860
3/1/17,137.89,140.15,137.6,139.79,36414585
3/2/17,140,140.28,138.76,138.96,26210984
3/3/17,138.78,139.83,138.59,139.78,21571121
3/6/17,139.36,139.77,138.6,139.34,21750044
3/7/17,139.06,139.98,138.79,139.52,17446297
3/8/17,138.95,139.8,138.82,139,18707236
3/9/17,138.74,138.79,137.05,138.68,22155904
3/10/17,139.25,139.36,138.64,139.14,19612801
3/13/17,138.85,139.43,138.82,139.2,17421717
3/14/17,139.3,139.65,138.84,138.99,15309065
3/15/17,139.41,140.75,139.02,140.46,25691774
3/16/17,140.72,141.02,140.26,140.69,19231998
3/17/17,141,141,139.89,139.99,43884952
3/20/17,140.4,141.5,140.23,141.46,21542038
3/21/17,142.11,142.8,139.73,139.84,39529912
3/22/17,139.84,141.6,139.76,141.42,25860165
3/23/17,141.26,141.58,140.61,140.92,20346301
3/24/17,141.5,141.74,140.35,140.64,22395563
3/27/17,139.39,141.22,138.62,140.88,23575094
3/28/17,140.91,144.04,140.62,143.8,33374805
3/29/17,143.68,144.49,143.19,144.12,29189955
3/30/17,144.19,144.5,143.5,143.93,21207252
3/31/17,143.72,144.27,143.01,143.66,19661651
4/3/17,143.71,144.12,143.05,143.7,19985714
4/4/17,143.25,144.89,143.17,144.77,19891354
4/5/17,144.22,145.46,143.81,144.02,27717854
4/6/17,144.29,144.52,143.45,143.66,21149034
4/7/17,143.73,144.18,143.27,143.34,16672198
4/10/17,143.6,143.88,142.9,143.17,18933397
4/11/17,142.94,143.35,140.06,141.63,30379376
4/12/17,141.6,142.15,141.01,141.8,20350000
4/13/17,141.91,142.38,141.05,141.05,17822880
4/17/17,141.48,141.88,140.87,141.83,16582094
4/18/17,141.41,142.04,141.11,141.2,14697544
4/19/17,141.88,142,140.45,140.68,17328375
4/20/17,141.22,142.92,141.16,142.44,23319562
4/21/17,142.44,142.68,141.85,142.27,17320928
4/24/17,143.5,143.95,143.18,143.64,17134333
4/25/17,143.91,144.9,143.87,144.53,18871501
4/26/17,144.47,144.6,143.38,143.68,20041241
4/27/17,143.92,144.16,143.31,143.79,14246347
4/28/17,144.09,144.3,143.27,143.65,20860358
5/1/17,145.1,147.2,144.96,146.58,33602943
5/2/17,147.54,148.09,146.84,147.51,45352194
5/3/17,145.59,147.49,144.27,147.06,45697034
5/4/17,146.52,147.14,145.81,146.53,23371872
5/5/17,146.76,148.98,146.76,148.96,27327725
5/8/17,149.03,153.7,149.03,153.01,48752413
5/9/17,153.87,154.88,153.45,153.99,39130363
5/10/17,153.63,153.94,152.11,153.26,25805692
5/11/17,152.45,154.07,152.31,153.95,27255058
5/12/17,154.7,156.42,154.67,156.1,32527017
5/15/17,156.01,156.65,155.05,155.7,26009719
5/16/17,155.94,156.06,154.72,155.47,20048478
5/17/17,153.6,154.57,149.71,150.25,50767678
5/18/17,151.27,153.34,151.13,152.54,33568215
5/19/17,153.38,153.98,152.63,153.06,26960788
5/22/17,154,154.58,152.91,153.99,22966437
5/23/17,154.9,154.9,153.31,153.8,19918871
5/24/17,153.84,154.17,152.67,153.34,19219154
5/25/17,153.73,154.35,153.03,153.87,19235598
5/26/17,154,154.24,153.31,153.61,21927637
5/30/17,153.42,154.43,153.33,153.67,20126851
5/31/17,153.97,154.17,152.38,152.76,24451164
6/1/17,153.17,153.33,152.22,153.18,16404088
6/2/17,153.58,155.45,152.89,155.45,27770715
6/5/17,154.34,154.45,153.46,153.93,25331662
6/6/17,153.9,155.81,153.78,154.45,26624926
6/7/17,155.02,155.98,154.48,155.37,21069647
6/8/17,155.25,155.54,154.4,154.99,21250798
6/9/17,155.19,155.19,146.02,148.98,64882657
6/12/17,145.74,146.09,142.51,145.42,72307330
6/13/17,147.16,147.45,145.15,146.59,34165445
6/14/17,147.5,147.5,143.84,145.16,31531232
6/15/17,143.32,144.48,142.21,144.29,32165373
6/16/17,143.78,144.5,142.2,142.27,50361093
6/19/17,143.66,146.74,143.66,146.34,32541404
6/20/17,146.87,146.87,144.94,145.01,24900073
6/21/17,145.52,146.07,144.61,145.87,21265751
6/22/17,145.77,146.7,145.12,145.63,19106294
6/23/17,145.13,147.16,145.11,146.28,35439389
6/26/17,147.17,148.28,145.38,145.82,25692361
6/27/17,145.01,146.16,143.62,143.73,24761891
6/28/17,144.49,146.11,143.16,145.83,22082432
6/29/17,144.71,145.13,142.28,143.68,31499368
6/30/17,144.45,144.96,143.78,144.02,23024107
7/3/17,144.88,145.3,143.1,143.5,14277848
7/5/17,143.69,144.79,142.72,144.09,21569557
7/6/17,143.02,143.5,142.41,142.73,24128782
7/7/17,142.9,144.75,142.9,144.18,19201712
7/10/17,144.11,145.95,143.37,145.06,21090636
7/11/17,144.73,145.85,144.38,145.53,19781836
7/12/17,145.87,146.18,144.82,145.74,24884478
7/13/17,145.5,148.49,145.44,147.77,25199373
7/14/17,147.97,149.33,147.33,149.04,20132061
7/17/17,148.82,150.9,148.57,149.56,23793456
7/18/17,149.2,150.13,148.67,150.08,17868792
7/19/17,150.48,151.42,149.95,151.02,20922969
7/20/17,151.5,151.74,150.19,150.34,17243748
7/21/17,149.99,150.44,148.88,150.27,26252630
7/24/17,150.58,152.44,149.9,152.09,21493160
7/25/17,151.8,153.84,151.8,152.74,18853932
7/26/17,153.35,153.93,153.06,153.46,15780951
7/27/17,153.75,153.99,147.3,150.56,32476337
7/28/17,149.89,150.23,149.19,149.5,17213653
7/31/17,149.9,150.33,148.13,148.73,19845920
8/1/17,149.1,150.22,148.41,150.05,35368645
8/2/17,159.28,159.75,156.16,157.14,69936800
8/3/17,157.05,157.21,155.02,155.57,27097296
8/4/17,156.07,157.4,155.69,156.39,20559852
8/7/17,157.06,158.92,156.67,158.81,21870321
8/8/17,158.6,161.83,158.27,160.08,36205896
8/9/17,159.26,161.27,159.11,161.06,26131530
8/10/17,159.9,160,154.63,155.32,40804273
8/11/17,156.6,158.57,156.07,157.48,26257096